name,phone,address,rating,review_count,has_website,website_url,has_booking_signal,score_tier
Sunflower Unisex Hair & Beauty Salon,+27 21 595 1782,"Shop 05, Game Center, Louwtjie Rothman St, Goodwood, Cape Town, 7460, South Africa",4.4,367,no,,,A - no website
Salon Jean Paul Parow,+27 21 911 5065,"Shop 3, China Town, Shoprite Park Jean Simonis Street &, Voortrekker Rd, Parow, Cape Town, 7501, South Africa",4.4,269,no,,,A - no website
"Honeycomb Hair, Health And Beauty Salon",+27 21 371 0964,"Colorado park, 21 Florida Rd, Mitchells Plain, Cape Town, 7785, South Africa",4.7,140,no,,,A - no website
Hair Shop,+27 21 595 4300,"Louwtjie Rothman St, Goodwood, Cape Town, 7463, South Africa",4.5,99,no,,,A - no website
Barber Shop Goodwood,+27 67 769 0160,"Shop#05, 117 Hugo St, Goodwood, Cape Town, 7459, South Africa",4.6,98,no,,,A - no website
"K The Barber Shop, Goodwood, Milton Road Cape Town/ barber, dye, hairstylist, fades, hair cut",+27 76 900 5090,"88 Milton Rd, Goodwood, Cape Town, 7459, South Africa",4.7,96,no,,,A - no website
V's hair and beauty salon 118 surrey street and milton road Goodwood milton road corner surrey street Goodwood,+27 21 591 5377,"and, Dingle, Church Rd, Goodwood, 7460, South Africa",4.4,91,no,,,A - no website
Hair Republic Ct,+27 72 851 5278,"51 Kasteel Cres, Tygerdal, Cape Town, 7460, South Africa",4.9,72,no,,,A - no website
Exclusive Hair,+27 21 919 3209,"Sabie St, Bloemhof, Cape Town, 7530, South Africa",4.6,69,no,,,A - no website
Vinché Hair Design - Shop No.2,+27 21 930 1284,"Shop No.2, 21 McIntyre St, Parow, Cape Town, 7500, South Africa",4.7,68,no,,,A - no website
REEVA Hair & Beauty Salon,+27 84 375 9214,"4 Zoeteinval Cl, Westridge, Cape Town, 7802, South Africa",5,61,no,,,A - no website
Be-Dazzle Strandfontein,+27 21 393 2220,"ERF43952 Dennegeur Ave, Strandfontein, Cape Town, 7788, South Africa",4.2,57,no,,,A - no website
Shiehaam's Hair Salon,+27 21 931 9488,"Shop No.1, Patco Centre, Balvenie Ave, Parow, Cape Town, 7493, South Africa",4.7,52,no,,,A - no website
Ravaina Rain Hair Studio,+27 83 650 4578,"20 Warren St, Fairfield Estate, Cape Town, 7500, South Africa",5,52,no,,,A - no website
Hair Aid Academy,+27 21 911 3456,"251 Voortrekker Rd, Fairfield Estate, Cape Town, 7500, South Africa",4.6,52,no,,,A - no website
Tanganyika Hair Salon,+27 68 410 9871,"Tanganyika Hair Salon, 68 Voortrekker Rd, Unclear, Cape Town, 7530, South Africa",4.9,49,no,,,A - no website
LAVISH A (Hair & Beauty Studio),+27 67 647 8964,"56 Voortrekker Rd, Goodwood, Cape Town, 7459, South Africa",3.9,48,no,,,A - no website
Styled by Lady J,+27 82 499 5372,"68 Sonneblom St, Bellville, Cape Town, 7530, South Africa",5,48,no,,,A - no website
Queen Bee Hair Salon,+27 82 537 9030,"24 Tierberg Rd, Avondale, Cape Town, 7499, South Africa",4.7,45,no,,,A - no website
Sistahood Hair and Beauty,+27 61 343 0349,"213 Voortrekker Rd, Kempenville, Cape Town, 7530, South Africa",4.5,44,no,,,A - no website
Excellence Beauty Studio,+27 65 994 2117,"191 Voortrekker Rd, Glenlily, Cape Town, 7500, South Africa",4.9,41,no,,,A - no website
Classique Salon,+27 21 939 2581,"43 Hannes Louw Dr, De Tijger, Cape Town, 7500, South Africa",4.6,39,no,,,A - no website
Me Hair and Beauty,+27 21 949 4570,"24 9th Ave, Boston, Cape Town, 7530, South Africa",4.8,36,no,,,A - no website
The Lab Hair and Beauty Boutique,+27 73 681 3784,"Centurion Centre, De Grendel Ave, Bothasig, Cape Town, 7441, South Africa",4.9,35,no,,,A - no website
Naz Unisex Hairsalon,+27 71 035 4864,"92 Sun Flower, Lentegeur, Cape Town, 7785, South Africa",4.9,32,no,,,A - no website
Kings Pride hair studio,+27 78 328 4637,"Informal Rd, Thornton, Cape Town, 7460, South Africa",4.8,32,no,,,A - no website
The RITZ Hair Design,+27 82 623 8588,"M25, Avondale, Cape Town, 7500, South Africa",4.9,31,no,,,A - no website
Blooming Hair,,"Louwtjie Rothman St, N1 City, Cape Town, 7460, South Africa",4.7,30,no,,,A - no website
LOOK ITS ME HAIR DESIGN,+27 81 309 8337,"45 Korfbal St, Beacon Valley, Cape Town, 7785, South Africa",4.9,29,no,,,A - no website
Denises Place salon/ Tomblack,+27 65 004 8557,"Town Cenrtre, Fourth Ave, Mitchells Plain, Cape Town, 7785, South Africa",4.9,28,no,,,A - no website
Southern Roots Hair Salon,(979) 865-5272,"32 N Matthews St, Bellville, TX 77418",4.9,27,no,,,A - no website
Mari's Hair Studio,+27 73 914 2451,"56 Grandiflora St, Protea Valley, Cape Town, 7530, South Africa",5,25,no,,,A - no website
Gavin's Hair,+27 21 949 5553,"5 14th Ave, Boston, Cape Town, 7530, South Africa",5,24,no,,,A - no website
Illona Hair Studio,+27 84 714 2793,"30 John Dronsfield Cres, New Woodlands, Cape Town, 7758, South Africa",4.7,23,no,,,A - no website
BMore Hair & Beauty,+27 66 444 7885,"34 Charl Malan St, Bellville, Cape Town, 7530, South Africa",4.2,22,no,,,A - no website
Hair Affair,(979) 865-2112,"135 N Bell St, Bellville, TX 77418",4.8,21,no,,,A - no website
5Star Hair and Beauty,+27 81 534 1165,"80 Sarel Cilliers St, Churchill Estate, Cape Town, 7500, South Africa",5,21,no,,,A - no website
The Makeup Boutique,+27 72 288 0419,"9 Ag Visser St, Townsend Estate, Cape Town, 7460, South Africa",4.9,20,no,,,A - no website
The Upper Cut Bellville,(979) 865-3522,"1406 S Front St, Bellville, TX 77418",4.5,19,no,,,A - no website
E-Styles Professional Hair & Beauty Studio,+27 61 271 7887,"Cape Town City Centre, Cape Town, 8000, South Africa",3.9,18,no,,,A - no website
Correen's barbershop,+27 73 051 6364,"61 Kasselsvlei Rd, Bellville South, Cape Town, 7530, South Africa",4.2,17,no,,,A - no website
Ruff Hair Salon,+27 76 473 4892,"76 McIntyre St, Clamhall, Cape Town, 7500, South Africa",4.9,17,no,,,A - no website
Hair's The Way Salon and Beauty,+27 68 642 9646,"16 Aurora St, Welgelegen 1, Cape Town, 7500, South Africa",4.8,17,no,,,A - no website
Hairbychichie,+27 78 416 0115,"6 Dirkie Uys St, Kempenville, Cape Town, 7530, South Africa",5,16,no,,,A - no website
Goodwooddreadmasters Salon,+27 73 821 2346,"86 Voortrekker Rd, Townsend Estate, Cape Town, 7459, South Africa",4.6,16,no,,,A - no website
Charmaine's Professional Hair Salon,+27 83 535 1319,"1, Florida Flats, Around the corner from Estoril Store, Vasco Blvd, Goodwood, Cape Town, 7460, South Africa",4.2,15,no,,,A - no website
The Hair Doc Barbershop Cape Town,+27 81 341 6774,"93 Hengelaar St, Mitchells Plain, Cape Town, 7785, South Africa",5,14,no,,,A - no website
Chally Touched salon,+27 61 408 8882,"225Voortrekker road, Vasco Estate, Cape Town, 7460, South Africa",5,13,no,,,A - no website
Pro Cut Hair Stylist,+27 83 882 1159,"Shop 1, Nobel Park, 010 Old Paarl Rd, Bellville, Cape Town, 7530, South Africa",4.8,13,no,,,A - no website
Gorgeoushair,,"06 Houtkloof Cl, Westridge, Cape Town, 7785, South Africa",4.8,13,no,,,A - no website
Glamour Hair Parow,+27 21 911 2909,"and, Shop F1-46, Parow Centre Corner Voortrekker, De La Rey St, Roads, Cape Town, 7500, South Africa",4.8,13,no,,,A - no website
Fruche Health And Beauty Studio,+27 84 485 2564,"65 Voortrekker Rd, Goodwood Estate, Cape Town, 7460, South Africa",4.5,12,no,,,A - no website
Friedas Hair & Beauty Boutique,+27 71 477 6935,"B.D. Centre, Admirals Dr, Stransfontein, Cape Town, 7788, South Africa",4.5,12,no,,,A - no website
Marlene's Hair Studio,+27 72 069 7233,"33 Zinnia Rd, Tygerdal, Cape Town, 7460, South Africa",4.7,12,no,,,A - no website
McKennas Salon,+27 78 113 6599,"69 Tennis Cres, Beacon Valley, Cape Town, 7785, South Africa",5,11,no,,,A - no website
Blackdiamond beauty,+27 81 343 5360,"106 King Edward St, Parow, Cape Town, 7500, South Africa",5,11,no,,,A - no website
Patricia Hair Salon,+27 74 201 6902,"43 Blanckenberg St, Northern, Cape Town, 7530, South Africa",4.6,10,no,,,A - no website
Roslin Hair Salon,+27 63 567 1644,"Provident S St, Parow, Cape Town, 7500, South Africa",5,10,no,,,A - no website
Uppercut Hair Studio,+27 21 951 3425,"Bellville, Bellville South, Cape Town, South Africa",4.8,9,no,,,A - no website
786 Hair Salon,+27 67 638 8030,"47 Lavender, Lentegeur, Cape Town, 7786, South Africa",4.9,9,no,,,A - no website
Hair on Main,+27 71 543 9499,"83 Morgenster Rd, Beacon Valley, Cape Town, 7785, South Africa",5,8,no,,,A - no website
Iconic Hair And Beauty,,"352 Voortrekker Rd, Parow, Cape Town, 7490, South Africa",2,7,no,,,A - no website
Fliolacy Hair and Beauty Parlor,+27 72 318 6901,"140 Voortrekker Rd, Goodwood, Cape Town, 7460, South Africa",5,7,no,,,A - no website
Sarah’s Hair Salon & Barber,+27 81 818 0633,"4 Fulham Rd, Rondevlei, Cape Town, 7798, South Africa",3,6,no,,,A - no website
Emily's Beauty Boutique,+27 21 928 8510,"Spar, 25 Frederick St, Parow Valley, Cape Town, 7500, South Africa",4.3,6,no,,,A - no website
Eliel hair salon,+27 68 161 1124,"35 Voortrekker Rd, Goodwood, Cape Town, 7460, South Africa",3.7,6,no,,,A - no website
Irene's Unisex Hair Boutique,+27 72 972 1997,"98 Barnard St, Oakdale, Cape Town, 7530, South Africa",5,5,no,,,A - no website
Hair N The Hood Salon,+27 72 335 3110,"Portland, Cape Town, 7785, South Africa",4,5,no,,,A - no website
Lala Beauty Salon Bellville,+27 73 598 5150,"11 Robert Sobukwe Rd, Bellville, Cape Town, 7530, South Africa",5,4,no,,,A - no website
Dirty's Hair Boutique CC,+27 21 371 8410,"7 Merrydale Ave, Portland, Mitchell's Plain, 7785, South Africa",2.8,4,no,,,A - no website
POSH STYLES SALON,+27 74 937 4692,"McDonald St, Goodwood, Cape Town, 7760, South Africa",5,3,no,,,A - no website
Rochelle Hair Studio,+27 73 528 9170,"99 Parkdene Rd, Cape Town, 7504, South Africa",5,3,no,,,A - no website
Hair by Elle,+27 82 572 2055,"88 13th Ave, Vredelust, Cape Town, 7530, South Africa",5,2,no,,,A - no website
Safari's Unisex Hair Boutique,+27 73 735 2075,"213 Voortrekker Rd, Goodwood, Cape Town, 7460, South Africa",2.5,2,no,,,A - no website
Hair By Jo,+27 72 586 4253,"170 Paarl St, Vasco Estate, Cape Town, 7460, South Africa",5,2,no,,,A - no website
Rycole Hair and Beauty Salon,+27 79 662 3143,"Markhams Building, Symphony Walk , Town Center, Mitchells Plain, Cape Town, 7785, South Africa",5,2,no,,,A - no website
Barbar Shop Hair Salon,,"14 Hermes Way, Mandalay, Cape Town, 7785, South Africa",4.5,2,no,,,A - no website
BABES HAIR SALON,+27 73 006 7894,"14 Ribbok St, Mitchells Plain, Cape Town, 7785, South Africa",5,2,no,,,A - no website
The Avenue Hairstudio,+27 81 308 6801,"Cnr Second Avenue &, McIntyre St, Parow, Cape Town, 7500, South Africa",5,2,no,,,A - no website
The hair studio,,"Eisleben Rd, Lentegeur, Cape Town, 7786, South Africa",1,1,no,,,A - no website
Premium hairstyling,+27 60 404 9551,"5 Farm Rd, Weltevreden Valley, Cape Town, 7785, South Africa",5,1,no,,,A - no website
"Braids hair salon bellville,parow,goodwood",,"226 Voortrekker Rd, bellville, Cape Town, 7735, South Africa",5,1,no,,,A - no website
Hair 4 You,,"70 Voortrekker Rd, Parow, Cape Town, 7500, South Africa",5,1,no,,,A - no website
LA Hair Boutique,,"5 Mountain View Rd, Ridgeworth, Cape Town, 7530, South Africa",,0,no,,,A - no website
Length Hair Boutique,+27 72 588 0317,"Bill Bezuidenhoudt Drive, Oakdale, Cape Town, 7530, South Africa",,0,no,,,A - no website
Hair Company Westridge Mitchell’s Plain,+27 68 325 0482,"31 Wespoort Dr, Westridge, Cape Town, 7785, South Africa",,0,no,,,A - no website
Kiara Hair boutique,,"13 both Street, Goodwood, Cape Town, 7460, South Africa",,0,no,,,A - no website
THE GOODWOOD SALON,+27 82 604 2094,"225 Voortrekker Rd, Goodwood, Cape Town, 8005, South Africa",,0,no,,,A - no website
Walmart Supercenter,(410) 284-5412,"2399 North Point Blvd, Dundalk, MD 21222",3.8,7581,yes,https://www.walmart.com/store/2435-dundalk-md/?veh=seo_loc,unknown,"B - website, booking unknown (site unreachable)"
Walmart Supercenter,(413) 593-3192,"591 Memorial Dr, Chicopee, MA 01020",3.8,7183,yes,https://www.walmart.com/store/5278-chicopee-ma/?veh=seo_loc,unknown,"B - website, booking unknown (site unreachable)"
Walmart Supercenter,(610) 530-1400,"1091 Mill Creek Rd, Allentown, PA 18106",3.9,6522,yes,https://www.walmart.com/store/2641-allentown-pa/?veh=seo_loc,unknown,"B - website, booking unknown (site unreachable)"
Walmart Supercenter,(610) 582-0505,"5900 Perkiomen Ave, Reading, PA 19606",3.8,4997,yes,https://www.walmart.com/store/1777-reading-pa/?veh=seo_loc,unknown,"B - website, booking unknown (site unreachable)"
Walmart Supercenter,(570) 454-8322,"761 Airport Rd, Hazle Township, PA 18202",3.9,4991,yes,https://www.walmart.com/store/2255-hazle-township-pa/?veh=seo_loc,unknown,"B - website, booking unknown (site unreachable)"
Walmart Supercenter,(302) 674-2159,"36 Jerome Dr, Dover, DE 19901",3.9,4819,yes,https://www.walmart.com/store/1736-dover-de/?veh=seo_loc,unknown,"B - website, booking unknown (site unreachable)"
Walmart Supercenter,(315) 487-0121,"5399 W Genesee St, Camillus, NY 13031",3.9,4646,yes,https://www.walmart.com/store/2581-camillus-ny/?veh=seo_loc,unknown,"B - website, booking unknown (site unreachable)"
Walmart Supercenter,(413) 572-0400,"141 Springfield Rd, Westfield, MA 01085",4,4599,yes,https://www.walmart.com/store/2174-westfield-ma/?veh=seo_loc,unknown,"B - website, booking unknown (site unreachable)"
Walmart,(973) 361-6089,"220 Enterprise Dr, Rockaway, NJ 07866",4.1,3955,yes,https://www.walmart.com/store/5178-rockaway-nj?veh=seo_loc,unknown,"B - website, booking unknown (site unreachable)"
Walmart Supercenter,(607) 431-9557,"5054 NY-23, Oneonta, NY 13820",3.8,3160,yes,https://www.walmart.com/store/2262-oneonta-ny/?veh=seo_loc,unknown,"B - website, booking unknown (site unreachable)"
Walmart,(410) 819-0140,"8155 Elliott Rd, Easton, MD 21601",4,2072,yes,https://www.walmart.com/store/1715-easton-md?veh=seo_loc,unknown,"B - website, booking unknown (site unreachable)"
Target,(267) 233-5020,"4000 Monument Rd, Philadelphia, PA 19131",4,1787,yes,https://www.target.com/sl/philadelphia-city-ave/2124,unknown,"B - website, booking unknown (site unreachable)"
Target,(201) 678-0599,"630 Main St, Hackensack, NJ 07601",4.1,1313,yes,https://www.target.com/sl/hackensack/1330,unknown,"B - website, booking unknown (site unreachable)"
Carlton Hair Willowbridge,+27 21 914 2570,"39 Carl Cronje Dr, Tyger Valley, Cape Town, 7536, South Africa",4.8,210,yes,https://www.carltonhair.com/,unknown,"B - website, booking unknown (site unreachable)"
ZANZIBAR HAIR AND BEAUTY SALON,+27 74 587 0725,"35 Cormorant Street, Rocklands, Cape Town, 7798, South Africa",4.9,200,yes,https://zanzibar-hair-salon.lovable.app/,unknown,"B - website, booking unknown (site unreachable)"
Crown and Glory - Hair and Beauty,+27 72 119 9725,"31 Kommandeur St, Welgemoed, Cape Town, 7530, South Africa",4.9,141,yes,http://www.crownandglory.co.za/,unknown,"B - website, booking unknown (site unreachable)"
Opalé Beauty Studio,+27 81 428 1985,"6 Meerlust St, Oakglen, Cape Town, 7530, South Africa",4.4,122,yes,http://www.opalebeautystudio.co.za/,unknown,"B - website, booking unknown (site unreachable)"
Platinum Hair & Beauty,+27 21 914 3180,"10 Twist St, Rosenpark, Cape Town, 7550, South Africa",4.5,119,yes,https://platinumhairandbeauty.co.za/,unknown,"B - website, booking unknown (site unreachable)"
Naturarose Pty Ltd,+27 64 723 8926,"24 Rembrandt St, Bellville, Cape Town, 7560, South Africa",4.8,110,yes,http://booksy.com/,unknown,"B - website, booking unknown (site unreachable)"
Culture Vulture,+27 81 797 7039,"2 Church Way, Strandfontein Village, Cape Town, 7798, South Africa",4.8,109,yes,https://culturevulture.co.za/,unknown,"B - website, booking unknown (site unreachable)"
Capri Unisex Hair Design,+27 81 029 4930,"Shop 3B, The Bridge, 304 Durban Rd, Bellville, Cape Town, 7530, South Africa",4.7,95,yes,https://capriunisexhairdesign.co.za/,unknown,"B - website, booking unknown (site unreachable)"
Fabulaze Beauty & Hair Studio,+27 82 689 9726,"11 M E Rothman St, Parow North, Cape Town, 7500, South Africa",4.7,95,yes,https://www.facebook.com/Fabulaze-Beauty-Studio-112548980607156/,unknown,"B - website, booking unknown (site unreachable)"
Partners Hair Tygervalley,+27 21 914 1871,"Shop Ul 590 Tygervalley Centre Corner Bill bezuindenhout, Willie Van Schoor Dr, Bellville, Cape Town, 7530, South Africa",4.4,88,yes,https://partnershair.co.za/pages/partners-hair-salon-tygervalley,unknown,"B - website, booking unknown (site unreachable)"
Partners Hair For Him & Her N1 City Mall,+27 21 007 2537,"N1 City Mall, Louwtjie Rothman St, Goodwood, Cape Town, 7463, South Africa",4.3,88,yes,https://partnershair.co.za/pages/n1-city-salon-partners-hair-partners-men-for-him-and-her,unknown,"B - website, booking unknown (site unreachable)"
Nokutula mobile and hair salon,+27 68 299 1347,"108 King Edward St, Parow, Cape Town, 7500, South Africa",4.9,80,yes,https://nokhuthulabeauty.co.za/,unknown,"B - website, booking unknown (site unreachable)"
Studio Pascal,+27 21 913 2173,"3 Grandiflora St, Protea Valley, Cape Town, 7530, South Africa",4.7,79,yes,https://www.studiopascal.co.za/,unknown,"B - website, booking unknown (site unreachable)"
Nudo Hair Lab - Tyger Valley,+27 82 526 8654,"73 Willie Van Schoor Ave, Bellville, Cape Town, 7530, South Africa",4.9,70,yes,https://nudo.co.za/,unknown,"B - website, booking unknown (site unreachable)"
Hair Channel,+27 21 595 4284,"Louwtjie Rothman St, Goodwood, Cape Town, 7463, South Africa",4.1,68,yes,https://onesim.tech/?ref=504D3457,unknown,"B - website, booking unknown (site unreachable)"
Erica's Hair Boutique,+27 21 919 1500,"12 Suikerbos St, Blomtuin, Cape Town, 7530, South Africa",4.6,64,yes,http://www.ericashairboutique.com/,unknown,"B - website, booking unknown (site unreachable)"
Mainly for Men,+27 21 919 4254,"Pasita St, Rosendal, Cape Town, 7550, South Africa",4.6,60,yes,http://www.mainlyformen.co.za/,unknown,"B - website, booking unknown (site unreachable)"
Hyper Cut Hair Salon,+27 21 595 1060,"101 Louwtjie Rothman St, N1 City, Cape Town, 7463, South Africa",4,59,yes,http://www.hypercutsalon.co.za/,unknown,"B - website, booking unknown (site unreachable)"
BLONDIE'S HAIR + TANNING SALON,(979) 270-5101,"516 S Front St, Bellville, TX 77418",4.8,58,yes,https://www.vagaro.com/blondieshairsalon-bellville,unknown,"B - website, booking unknown (site unreachable)"
Mirror Boutique and Beauty Salon,+27 81 218 5243,"Prinsloo St, Parow Valley, Cape Town, 7500, South Africa",4.8,52,yes,https://riazsaira09.github.io/Mirror-Beauty-Salon/,unknown,"B - website, booking unknown (site unreachable)"
Viciel Beauty,+27 64 277 3832,"Shop 21C, Bellville Mall Cnr Bill Bezuidenhout Ave, Strand Rd, Bellville, Cape Town, 7530, South Africa",4.8,45,yes,https://marketplace.zuke.co.za/store/viciel-beauty/,unknown,"B - website, booking unknown (site unreachable)"
Studio Pascal @ Canal Edge,+27 21 206 9455,"Shop 1, Canal Edge Walkway, Fountain Rd, Tyger Waterfront, Cape Town, 7530, South Africa",4.9,44,yes,https://studiopascal.co.za/,unknown,"B - website, booking unknown (site unreachable)"
Classyaid Beauty Studio,+27 87 265 0116,"140 Voortrekker Rd, Goodwood, Cape Town, 7460, South Africa",5,36,yes,https://www.fresha.com/a/classyaid-beauty-studio-cape-town-140-voortrekker-road-o5xud31n?preview=8c4b6f1c-5e14-4a49-a8fb-5dfe7b0ab5b2&pId=3050702&_gl=1*ydft76*_gcl_au*ODc0MTQ4ODA0LjE3Nzg1OTcxOTMuNTg5NzYxNTk5LjE3ODQ5NjQ2ODkuMTc4NDk2NDY4OS4yMDIwODkwNDg5LjE3ODQ5NjQ2ODkuMTc4NDk2NDY4OQ..*_ga*MTQ4NzExMTk3MS4xNzc4NTk3MTkz*_ga_SMQNG7NE8C*czE3ODQ5NzE5MDYkbzUkZzEkdDE3ODQ5NzU1MzYkajUxJGwwJGgw,unknown,"B - website, booking unknown (site unreachable)"
My Fair Lady Hair Salon,+27 21 948 2439,"9 Rust en Vrede Rd, Ridgeworth, Cape Town, 7530, South Africa",4.7,33,yes,https://www.africanadvice.com/1338455/Hairdressers_-_Ladies_And_Men/Bellville/My_Fair_Lady/,unknown,"B - website, booking unknown (site unreachable)"
Princess Braiding Salon,+27 67 948 5925,"99 Victoria St, Parow, Cape Town, 7500, South Africa",4.6,30,yes,http://www.tiktok.com/@princessbraidingsalon1,unknown,"B - website, booking unknown (site unreachable)"
Irenes Salon,+27 21 948 3439,"51 Raglan St, Oakdale, Cape Town, 7530, South Africa",4.7,29,yes,https://www.africanadvice.com/1127248/Hairdressers_-_Ladies_And_Men/Bellville/Irenes_Salon/,unknown,"B - website, booking unknown (site unreachable)"
Lee belville salon,+27 81 472 5819,"3 Tienie Meyer Bypass, Bellville, Cape Town, 7530, South Africa",5,27,yes,http://www.leebellvillesalon.co.za/,unknown,"B - website, booking unknown (site unreachable)"
Hair by Tena -Hairsalon,+27 84 842 6505,"9 Springfontein St, Silverstream, Cape Town, 7550, South Africa",4.9,26,yes,https://instagram.com/10a_hare?igshid=wafvlee2v3qc,unknown,"B - website, booking unknown (site unreachable)"
My Head Space Salon,+27 81 216 6284,"16 Kommandeur St, Welgemoed, Cape Town, 7530, South Africa",5,26,yes,https://www.myheadspacesalon.co.za/,unknown,"B - website, booking unknown (site unreachable)"
JEM Hair and Beauty Studio STRANDFONTEIN,+27 64 502 9750,"& Admiral's, Shop 3 corner of Dennegeur Ave, Hill Drive, Strandfontein, Cape Town, 7798, South Africa",5,26,yes,https://www.stfh.co.za/,unknown,"B - website, booking unknown (site unreachable)"
Hair @ Thyme,+27 21 911 3791,"19 A P Burger Ave, Plattekloof 1, Cape Town, 7500, South Africa",4.8,26,yes,http://www.thymespa.co.za/,unknown,"B - website, booking unknown (site unreachable)"
Avant Garde Hair Salon,+27 67 298 6930,"24 Dageraad Rd, Strandfontein, Cape Town, 7788, South Africa",4.8,25,yes,https://www.facebook.com/Avantgarde-Salon-1656634817890256/,unknown,"B - website, booking unknown (site unreachable)"
Chloe's Hair Studio,+27 21 820 5003,"Shop F115, Parow Centre, Voortrekker Rd, Parow, Cape Town, 7500, South Africa",3.5,24,yes,https://www.parowcentre.co.za/store/chloes-hair-salon/38798,unknown,"B - website, booking unknown (site unreachable)"
Plattekloof UBeauty Hair Salon,+27 79 842 6953,"1 Keurboom Cres, Plattekloof 1, Cape Town, 7500, South Africa",5,21,yes,https://www.ubeautysalon.co.za/,unknown,"B - website, booking unknown (site unreachable)"
Paioni Hair Design,+27 21 930 2694,"De La Rey Road, Parow East, Cape Town, 7501, South Africa",4.4,20,yes,http://www.parowcentre.co.za/store/paioni-hair-design/7852,unknown,"B - website, booking unknown (site unreachable)"
Tell All hair Boutique,+27 83 342 0963,"Howick Cl, Bellville, Cape Town, 7530, South Africa",4.7,18,yes,https://www.instagram.com/p/CHYWlOWJJqW/?utm_source=ig_web_button_share_sheet,unknown,"B - website, booking unknown (site unreachable)"
Rose Beauty Planet,+27 71 076 5420,"183 Voortrekker Rd, Parow, Cape Town, 7500, South Africa",4.9,16,yes,https://wa.me/c/27710765420,unknown,"B - website, booking unknown (site unreachable)"
Hair International,+27 21 300 9419,"Shop 2, westridge shopping center, Wespoort Dr, Westridge, Cape Town, 7798, South Africa",3.9,14,yes,http://www.hairintl.co.za/,unknown,"B - website, booking unknown (site unreachable)"
Nanis Beauty Salon Bellville | Hair |Nails| Lashes- Simply Affordable & Best In Bellville,+27 72 873 8715,"79 Voortrekker Rd, Boston, Cape Town, 7530, South Africa",4.8,13,yes,https://sensual-dream-magic-touch.my.canva.site/nanis-beauty-salon,unknown,"B - website, booking unknown (site unreachable)"
The Covered Pearl,+27 67 380 7243,"118 Surrey St, Townsend Estate, Cape Town, 7460, South Africa",5,11,yes,https://www.fresha.com/book-now/hair-done-by-gabeeba-h4rst2xm/all-offer?pId=849575,unknown,"B - website, booking unknown (site unreachable)"
Fabulous Hair & Nails,+27 21 837 7557,"Don Mo Hani Building, E Linden St, Ravensmead, Cape Town, 7500, South Africa",4.4,7,yes,https://nearbyza.com/place/fabulous-hair-nails,unknown,"B - website, booking unknown (site unreachable)"
"Hair, Nail & Beauty Studio",+27 81 070 7619,"Cnr of AZ Berman, Kerem street, Beacon Valley, Cape Town, 7785, South Africa",5,4,yes,https://hnbstudio9.wixsite.com/my-site-1,unknown,"B - website, booking unknown (site unreachable)"
Head Quarters Hair Design Goodwood,+27 76 647 9465,"2 69, CTI Business Park, Unit 5b, Vasco Blvd, Goodwood, Cape Town, 7460, South Africa",5,3,yes,https://hqsalon.co.za/,unknown,"B - website, booking unknown (site unreachable)"
Diamond Hair Salon and Beauty World,+27 81 009 3795,"opposite spar, 212b Voortrekker Rd, Northern suburb, Cape Town, 7500, South Africa",5,3,yes,https://www.tiktok.com/@patdusty?_r=1&_t=ZS-92g48fZlBor,unknown,"B - website, booking unknown (site unreachable)"
